{
  "ie": {
    "6": 0,
    "7": 0.007087423367234842,
    "8": 0.04606825188702647,
    "9": 0.03898082851979163,
    "10": 0.05315567525426132,
    "11": 0.47840107728835185,
    "5.5": 0
  },
  "edge": {
    "12": 0,
    "13": 0.003543711683617421,
    "14": 0.021262270101704527,
    "15": 0.16301073744640135,
    "16": 0.10985506219214004,
    "17": 0.1878167192317233,
    "18": 0.03898082851979163,
    "76": 0
  },
  "firefox": {
    "2": 0,
    "3": 0.007087423367234842,
    "4": 0,
    "5": 0,
    "6": 0,
    "7": 0,
    "8": 0,
    "9": 0,
    "10": 0,
    "11": 0,
    "12": 0,
    "13": 0.003543711683617421,
    "14": 0,
    "15": 0,
    "16": 0,
    "17": 0,
    "18": 0,
    "19": 0,
    "20": 0,
    "21": 0,
    "22": 0,
    "23": 0,
    "24": 0,
    "25": 0,
    "26": 0,
    "27": 0,
    "28": 0,
    "29": 0,
    "30": 0.003543711683617421,
    "31": 0,
    "32": 0,
    "33": 0,
    "34": 0,
    "35": 0,
    "36": 0,
    "37": 0.003543711683617421,
    "38": 0.003543711683617421,
    "39": 0,
    "40": 0,
    "41": 0,
    "42": 0,
    "43": 0.014174846734469684,
    "44": 0.003543711683617421,
    "45": 0.010631135050852263,
    "46": 0,
    "47": 0.021262270101704527,
    "48": 0.010631135050852263,
    "49": 0.003543711683617421,
    "50": 0.04252454020340905,
    "51": 0.031893405152556786,
    "52": 0.7760728587122152,
    "53": 0.007087423367234842,
    "54": 0.10985506219214004,
    "55": 0.22679754775151495,
    "56": 0.1700981608136362,
    "57": 0.2516035295368369,
    "58": 0.12048619724299231,
    "59": 0.20907898933342786,
    "60": 0.2551472412204543,
    "61": 0.11694248555937489,
    "62": 0.12048619724299231,
    "63": 0.08859279209043552,
    "64": 0.07796165703958326,
    "65": 0.05315567525426132,
    "66": 0.1027676388249052,
    "67": 0.32956518657642014,
    "68": 0.07796165703958326,
    "69": 0,
    "70": 0,
    "3.5": 0,
    "3.6": 0.003543711683617421
  },
  "chrome": {
    "4": 0,
    "5": 0,
    "6": 0,
    "7": 0,
    "8": 0,
    "9": 0,
    "10": 0,
    "11": 0.017718558418087105,
    "12": 0,
    "13": 0,
    "14": 0,
    "15": 0,
    "16": 0,
    "17": 0,
    "18": 0,
    "19": 0,
    "20": 0,
    "21": 0,
    "22": 0.010631135050852263,
    "23": 0,
    "24": 0,
    "25": 0,
    "26": 0.003543711683617421,
    "27": 0,
    "28": 0.003543711683617421,
    "29": 0,
    "30": 0,
    "31": 0.007087423367234842,
    "32": 0.003543711683617421,
    "33": 0,
    "34": 0,
    "35": 0.007087423367234842,
    "36": 0.04252454020340905,
    "37": 0.010631135050852263,
    "38": 0,
    "39": 0.007087423367234842,
    "40": 0.03898082851979163,
    "41": 0.03543711683617421,
    "42": 0,
    "43": 0.003543711683617421,
    "44": 0.003543711683617421,
    "45": 0.003543711683617421,
    "46": 0.003543711683617421,
    "47": 0.010631135050852263,
    "48": 0.003543711683617421,
    "49": 0.35082745667812465,
    "50": 0.024805981785321948,
    "51": 0.007087423367234842,
    "52": 0.024805981785321948,
    "53": 0.010631135050852263,
    "54": 0.05315567525426132,
    "55": 0.04606825188702647,
    "56": 0.021262270101704527,
    "57": 0.19136043091534072,
    "58": 0.03898082851979163,
    "59": 0.15946702576278396,
    "60": 2.3601119812892026,
    "61": 1.2863673411531238,
    "62": 1.8143803820121196,
    "63": 1.0170452531982,
    "64": 2.558559835571778,
    "65": 0.7618980119777455,
    "66": 1.5804954108933698,
    "67": 1.8320989404302066,
    "68": 0.9816081363620256,
    "69": 0.8965590559552076,
    "70": 0.8469470923845636,
    "71": 1.3430667280910025,
    "72": 0.6591303731528403,
    "73": 1.69035047308551,
    "74": 4.532407243346681,
    "75": 19.86959141004288,
    "76": 11.329246252524895,
    "77": 0.24097239448598462,
    "78": 0
  },
  "safari": {
    "4": 0,
    "5": 0,
    "6": 0,
    "7": 0.003543711683617421,
    "8": 0.003543711683617421,
    "9": 0,
    "10": 0,
    "11": 0.1878167192317233,
    "12": 0.18427300754810588,
    "13": 0.007087423367234842,
    "3.1": 0,
    "3.2": 0,
    "5.1": 0.003543711683617421,
    "6.1": 0,
    "7.1": 0,
    "9.1": 0.049611963570643895,
    "10.1": 0.10985506219214004,
    "11.1": 0.244516106169602,
    "12.1": 0.21262270101704528,
    "TP": 0
  },
  "opera": {
    "9": 0,
    "11": 0,
    "12": 0,
    "15": 0,
    "16": 0,
    "17": 0,
    "18": 0,
    "19": 0,
    "20": 0,
    "21": 0,
    "22": 0,
    "23": 0,
    "24": 0,
    "25": 0,
    "26": 0,
    "27": 0,
    "28": 0,
    "29": 0,
    "30": 0.007087423367234842,
    "31": 0,
    "32": 0,
    "33": 0,
    "34": 0.003543711683617421,
    "35": 0.007087423367234842,
    "36": 0.03543711683617421,
    "37": 0,
    "38": 0.003543711683617421,
    "39": 0,
    "40": 0,
    "41": 0,
    "42": 0,
    "43": 0.003543711683617421,
    "44": 0,
    "45": 0.003543711683617421,
    "46": 0.003543711683617421,
    "47": 0.014174846734469684,
    "48": 0.08150536872320067,
    "49": 0.19490414259895814,
    "50": 0.060243098621496155,
    "51": 0.02834969346893937,
    "52": 0.1523796023955491,
    "53": 0.0850490804068181,
    "54": 0.07796165703958326,
    "55": 0.007087423367234842,
    "56": 0.060243098621496155,
    "57": 0.04606825188702647,
    "58": 0.09568021545767036,
    "60": 0.10631135050852264,
    "62": 0.04252454020340905,
    "9.5-9.6": 0,
    "10.0-10.1": 0,
    "10.5": 0,
    "10.6": 0,
    "11.1": 0,
    "11.5": 0,
    "11.6": 0,
    "12.1": 0.003543711683617421
  },
  "ios_saf": {
    "8": 0,
    "13": 0,
    "3.2": 0,
    "4.0-4.1": 0,
    "4.2-4.3": 0,
    "5.0-5.1": 0,
    "6.0-6.1": 0.007087423367234842,
    "7.0-7.1": 0.021262270101704527,
    "8.1-8.4": 0.05669938693787874,
    "9.0-9.2": 0.0850490804068181,
    "9.3": 0.5776250044296396,
    "10.0-10.2": 0.2834969346893937,
    "10.3": 1.4706403487012296,
    "11.0-11.2": 2.190013820475566,
    "11.3-11.4": 1.78603068854318,
    "12.0-12.1": 1.8108366703285022,
    "12.2-12.3": 2.14394556858854
  },
  "op_mini": {
    "all": 0.060243098621496155
  },
  "android": {
    "3": 0.003543711683617421,
    "4": 0.017718558418087105,
    "67": 1.5946702576278393,
    "2.1": 0,
    "2.2": 0.003543711683617421,
    "2.3": 0.010631135050852263,
    "4.1": 0.007087423367234842,
    "4.2-4.3": 0.1523796023955491,
    "4.4": 0.060243098621496155,
    "4.4.3-4.4.4": 0
  },
  "bb": {
    "7": 0,
    "10": 0
  },
  "op_mob": {
    "10": 0.04252454020340905,
    "11": 0.04252454020340905,
    "12": 0.04252454020340905,
    "46": 0.04252454020340905,
    "11.1": 0.04252454020340905,
    "11.5": 0.04252454020340905,
    "12.1": 0.04252454020340905
  },
  "and_chr": {
    "75": 17.371274673092596
  },
  "and_ff": {
    "67": 0.09568021545767036
  },
  "ie_mob": {
    "10": 0,
    "11": 0
  },
  "and_uc": {
    "12.12": 0.14529217902831426
  },
  "samsung": {
    "4": 0,
    "5.0-5.4": 0,
    "6.2-6.4": 0,
    "7.2-7.4": 0,
    "8.2": 0,
    "9.2": 0
  },
  "and_qq": {
    "1.2": 0
  },
  "baidu": {
    "7.12": 0
  },
  "kaios": {
    "2.5": 0
  }
}